-- MySQL dump 10.13  Distrib 8.4.4, for Linux (x86_64)
--
-- Host: 127.0.0.1    Database: travel
-- ------------------------------------------------------
-- Server version	5.7.44

/*!40101 SET @OLD_CHARACTER_SET_CLIENT=@@CHARACTER_SET_CLIENT */;
/*!40101 SET @OLD_CHARACTER_SET_RESULTS=@@CHARACTER_SET_RESULTS */;
/*!40101 SET @OLD_COLLATION_CONNECTION=@@COLLATION_CONNECTION */;
/*!50503 SET NAMES utf8mb4 */;
/*!40103 SET @OLD_TIME_ZONE=@@TIME_ZONE */;
/*!40103 SET TIME_ZONE='+00:00' */;
/*!40014 SET @OLD_UNIQUE_CHECKS=@@UNIQUE_CHECKS, UNIQUE_CHECKS=0 */;
/*!40014 SET @OLD_FOREIGN_KEY_CHECKS=@@FOREIGN_KEY_CHECKS, FOREIGN_KEY_CHECKS=0 */;
/*!40101 SET @OLD_SQL_MODE=@@SQL_MODE, SQL_MODE='NO_AUTO_VALUE_ON_ZERO' */;
/*!40111 SET @OLD_SQL_NOTES=@@SQL_NOTES, SQL_NOTES=0 */;

--
-- Table structure for table `admin`
--

DROP TABLE IF EXISTS `admin`;
/*!40101 SET @saved_cs_client     = @@character_set_client */;
/*!50503 SET character_set_client = utf8mb4 */;
CREATE TABLE `admin` (
  `aid` int(32) NOT NULL AUTO_INCREMENT,
  `email` varchar(50) DEFAULT NULL,
  `username` varchar(50) DEFAULT NULL,
  `password` varchar(255) DEFAULT NULL,
  `phoneNum` varchar(20) DEFAULT NULL,
  `status` tinyint(1) DEFAULT NULL,
  PRIMARY KEY (`aid`)
) ENGINE=InnoDB AUTO_INCREMENT=38 DEFAULT CHARSET=utf8;
/*!40101 SET character_set_client = @saved_cs_client */;

--
-- Dumping data for table `admin`
--

/*!40000 ALTER TABLE `admin` DISABLE KEYS */;
INSERT INTO `admin` VALUES (1,'baizhan@bz.com','admin','$2a$10$s8A8EPUzinL.NCoTyXKu3eza5BTliAQEyeiv.R53R7Hw4hFhPVH8W','13835351231',1),(2,'sxt@bz.com','dean','$2a$10$s8A8EPUzinL.NCoTyXKu3eza5BTliAQEyeiv.R53R7Hw4hFhPVH8W','13835351231',1),(37,'','333','$2a$10$oslsET6T/znmRtbdaddccOEqpOYNO.k.tEYfUA2KxGmkfqOz.Rtd2','',1);
/*!40000 ALTER TABLE `admin` ENABLE KEYS */;

--
-- Table structure for table `admin_role`
--

DROP TABLE IF EXISTS `admin_role`;
/*!40101 SET @saved_cs_client     = @@character_set_client */;
/*!50503 SET character_set_client = utf8mb4 */;
CREATE TABLE `admin_role` (
  `aid` varchar(32) NOT NULL,
  `rid` varchar(32) NOT NULL,
  PRIMARY KEY (`aid`,`rid`)
) ENGINE=InnoDB DEFAULT CHARSET=utf8;
/*!40101 SET character_set_client = @saved_cs_client */;

--
-- Dumping data for table `admin_role`
--

/*!40000 ALTER TABLE `admin_role` DISABLE KEYS */;
INSERT INTO `admin_role` VALUES ('1','1'),('2','2'),('37','2');
/*!40000 ALTER TABLE `admin_role` ENABLE KEYS */;

--
-- Table structure for table `category`
--

DROP TABLE IF EXISTS `category`;
/*!40101 SET @saved_cs_client     = @@character_set_client */;
/*!50503 SET character_set_client = utf8mb4 */;
CREATE TABLE `category` (
  `cid` int(11) NOT NULL AUTO_INCREMENT,
  `cname` varchar(100) DEFAULT NULL,
  PRIMARY KEY (`cid`),
  UNIQUE KEY `AK_nq_categoryname` (`cname`)
) ENGINE=InnoDB AUTO_INCREMENT=11 DEFAULT CHARSET=utf8;
/*!40101 SET character_set_client = @saved_cs_client */;

--
-- Dumping data for table `category`
--

/*!40000 ALTER TABLE `category` DISABLE KEYS */;
INSERT INTO `category` VALUES (9,'乡村文博馆'),(8,'乡村民宿'),(4,'乡村自然景区观光'),(7,'乡村营地'),(5,'农业园类'),(6,'文创工坊'),(2,'科普研学');
/*!40000 ALTER TABLE `category` ENABLE KEYS */;

--
-- Table structure for table `favorite`
--

DROP TABLE IF EXISTS `favorite`;
/*!40101 SET @saved_cs_client     = @@character_set_client */;
/*!50503 SET character_set_client = utf8mb4 */;
CREATE TABLE `favorite` (
  `mid` int(11) NOT NULL,
  `pid` int(11) NOT NULL,
  PRIMARY KEY (`pid`,`mid`),
  KEY `FK_user_favorite` (`mid`)
) ENGINE=InnoDB DEFAULT CHARSET=utf8;
/*!40101 SET character_set_client = @saved_cs_client */;

--
-- Dumping data for table `favorite`
--

/*!40000 ALTER TABLE `favorite` DISABLE KEYS */;
INSERT INTO `favorite` VALUES (3,512),(3,519),(3,533);
/*!40000 ALTER TABLE `favorite` ENABLE KEYS */;

--
-- Table structure for table `member`
--

DROP TABLE IF EXISTS `member`;
/*!40101 SET @saved_cs_client     = @@character_set_client */;
/*!50503 SET character_set_client = utf8mb4 */;
CREATE TABLE `member` (
  `mid` int(11) NOT NULL AUTO_INCREMENT,
  `username` varchar(100) NOT NULL,
  `password` varchar(255) NOT NULL,
  `birthday` date DEFAULT NULL,
  `sex` char(1) DEFAULT NULL,
  `phoneNum` varchar(11) DEFAULT NULL,
  `email` varchar(100) DEFAULT NULL,
  `active` tinyint(1) DEFAULT NULL,
  `activeCode` varchar(50) DEFAULT NULL,
  PRIMARY KEY (`mid`),
  UNIQUE KEY `AK_nq_username` (`username`),
  UNIQUE KEY `AK_nq_code` (`activeCode`)
) ENGINE=InnoDB AUTO_INCREMENT=8 DEFAULT CHARSET=utf8;
/*!40101 SET character_set_client = @saved_cs_client */;

--
-- Dumping data for table `member`
--

/*!40000 ALTER TABLE `member` DISABLE KEYS */;
INSERT INTO `member` VALUES (3,'user','$2a$10$s8A8EPUzinL.NCoTyXKu3eza5BTliAQEyeiv.R53R7Hw4hFhPVH8W','2022-05-26','男','13855555555','41231231238@qq.com',1,'0a2c48d2-b270-4590-a0bc-4b8e5bd6cb7b');
/*!40000 ALTER TABLE `member` ENABLE KEYS */;

--
-- Table structure for table `permission`
--

DROP TABLE IF EXISTS `permission`;
/*!40101 SET @saved_cs_client     = @@character_set_client */;
/*!50503 SET character_set_client = utf8mb4 */;
CREATE TABLE `permission` (
  `pid` int(32) NOT NULL AUTO_INCREMENT,
  `permissionName` varchar(50) DEFAULT NULL,
  `permissionDesc` varchar(50) DEFAULT NULL,
  PRIMARY KEY (`pid`)
) ENGINE=InnoDB AUTO_INCREMENT=5 DEFAULT CHARSET=utf8;
/*!40101 SET character_set_client = @saved_cs_client */;

--
-- Dumping data for table `permission`
--

/*!40000 ALTER TABLE `permission` DISABLE KEYS */;
INSERT INTO `permission` VALUES (1,'查询管理员','/admin/all'),(2,'查询角色','/role/all'),(3,'查询权限','/permission/all'),(4,'新增权限','/permission/add');
/*!40000 ALTER TABLE `permission` ENABLE KEYS */;

--
-- Table structure for table `product`
--

DROP TABLE IF EXISTS `product`;
/*!40101 SET @saved_cs_client     = @@character_set_client */;
/*!50503 SET character_set_client = utf8mb4 */;
CREATE TABLE `product` (
  `pid` int(11) NOT NULL AUTO_INCREMENT,
  `productName` varchar(255) DEFAULT NULL,
  `price` decimal(10,0) DEFAULT NULL,
  `hotline` varchar(20) DEFAULT NULL,
  `status` tinyint(1) DEFAULT NULL,
  `productDesc` varchar(1000) DEFAULT NULL,
  `pImage` varchar(200) DEFAULT NULL,
  `cid` int(11) DEFAULT NULL,
  PRIMARY KEY (`pid`),
  KEY `FK_category_route` (`cid`)
) ENGINE=InnoDB AUTO_INCREMENT=566 DEFAULT CHARSET=utf8;
/*!40101 SET character_set_client = @saved_cs_client */;

--
-- Dumping data for table `product`
--

/*!40000 ALTER TABLE `product` DISABLE KEYS */;
INSERT INTO `product` VALUES (519,'云上・森兮民宿',400,'13463266887',1,'<p>位于河南修武县西村乡双庙村土岭老村，占地面积 245.66 亩，总建筑面积 1.79 万平方米。利用荒山、荒地、废弃石屋建设，有石屋民宿 12 栋、装配式集装箱酒店 120 栋、精品木屋 150 栋、多功能厅 2000 平米、房车营地等。周边有太行山下，适合康养隐居、休闲度假</p><p><br></p>','/upload/d93fc2ca-0261-44ba-b16b-7891cd9919d05c5f48b747f410310555dee3d5c2e004',8),(520,'云上院子',400,'13463266887',1,'<p>位于修武县西村乡金岭坡村，依山而建、抱林而居。依托云台山旅游资源和文化底蕴，由废旧秦家大院改造，有建设展厅、游客交流中心等功能区域和 20 多间客房，是北方民宿标杆，可休闲度假<span tabindex=\"0\" aria-describedby=\"2kbsb0g\">1</span></p><p><br></p>','/upload/0902fb78-b3f9-469a-901e-c02c3ce2a22d6379591696287545707490952.jpg',8),(521,'阿佤纳・随园民宿',600,'15241892343',1,'<p>位于修武县西村乡金岭坡村，依山而建、抱林而居。依托云台山旅游资源和文化底蕴，由废旧秦家大院改造，有建设展厅、游客交流中心等功能区域和 20 多间客房，是北方民宿标杆，可休闲度假</p><p><br></p>','/upload/1e210e6b-f4b8-459f-a78c-4bff36c79cf7f110-b8de415e11170a5372b7bf704a3c2d88.jpg',8),(522,'康为民宿',900,'18135473110',1,'<p>位于河南修武县青龙峡景区内，规划 1000 余平方米，中式榫卯结构，明清建筑风格融合当地文化，有 7 间套房、2 间餐厅，集住宿、餐饮、娱乐于一体，提供管家式服务</p><p><br></p>','/upload/41b1d34b-8102-4042-ac95-5d0b6bf346c6OIP-C.jpeg',8),(523,'溪山・山居美学园',100,'13558711436',1,'<p>地约 120 亩，包括溪山・山居野奢窑洞酒店、山居美学客栈等 7 大业态，分三期开发。以溪山窑洞酒店、白石酒店等七种实体产品面世，成立芝兰社会员组织及众生 ART 艺术家组织，临近云台山景区</p><p><br></p>','/upload/2d611632-dc99-486a-acfb-1bc79cdf3ba5OIP-C (1).jpeg',8),(524,'朴居・湖畔',200,'17107601806',1,'<p>位于云台山镇岸上服务区供电所西邻，依山傍水，有独栋别墅、复式阁楼、小四合院，28 间客房及茶室、餐厅、游泳池、书吧等休闲服务设施，适合康养旅居、休闲度假</p><p><br></p>','/upload/98f142ef-4cb3-4772-a4ec-7e200a013226OIP-C (3).jpeg',8),(525,'肆然・借山小院',300,'13075442831',1,'<p>位于北京房山区十渡镇，石墙、石瓦、石子地，有一客一换的户外私汤泡池，院子周围群山环绕，1 公里外有免费玩水溪流</p><p><br></p>','/upload/bc232d50-763c-450c-a64a-6fdaf8e71507R-C.jpeg',8),(526,'雲也初心民宿',300,'15649745731',1,'<p>位于房山区张坊镇蔡家口村，处在十渡游玩必经之路旁，背靠千年古刹云居寺，临近乐谷银滩漂流，民宿风格现代化，科技感较强，夜景有网红秋千</p><p><br></p>','/upload/867895e9-7df9-4831-a0a1-119fe43a13cdR-C (1).jpeg',8),(527,'瓦窑民宿',300,'15660590048',1,'<p>坐落于 109 国道旁门头沟区清水镇齐家庄村，年平均气温 18.6 度，夏季气候宜人，植被茂盛。建有农业观光菜园、百亩梨园、儿童游乐设施，有彩虹大滑梯、网红秋千、各种喷泉和做豆腐活动</p><p><br></p>','/upload/73af2667-8742-4c8c-8fb6-1cdf861762d6R-C (2).jpeg',8),(528,'武乡县长乐战斗展示中心​',0,'15210624349',1,'<p>坐落于武乡县涌泉乡里庄村，该展示中心以红色历史文化为核心。踏入馆内，通过丰富多样的图片、详实的文字以及生动的视频，全面且生动地呈现了长乐急袭战的完整过程。一份份手写战报，记录着战斗的紧张局势；一本本战争回忆录，饱含着战士们的真实经历；一串串烈士名字，承载着那段悲壮而伟大的历史，无不诉说着当年战斗的激烈与战士们的英勇无畏。作为太行、太岳革命根据地的重要组成部分，武乡县拥有众多红色革命遗址。而长乐战斗展示中心，不仅是对长乐急袭战的回顾，更是让参观者深刻感受那段烽火岁月，传承红色基因，激励后人奋勇前行的精神殿堂。它成为了开展红色教育、加强爱国主义教育的重要场所，吸引着全国各地的游客前来探寻历史，缅怀先烈。</p><p><br></p>','/upload/192551bc-faf4-4978-9c75-0fee0e079e15a3249bed64f64e8eafba5f19e28e8866.jpg',9),(529,'太行乡村记忆馆',0,'18550843576',1,'<p>位于平顺县石城镇白杨坡村，这座别具风情的乡村记忆馆，宛如一位历史的守望者，静静伫立，深情寄托着浓浓的乡愁。馆内珍藏着大量老物件、老照片等展品，它们承载着一方水土的独特故事，将往昔的岁月娓娓道来。在这里，游客仿佛穿越时空，回到过去，感受乡村的变迁与发展。馆内的每一件展品都有其背后的故事，无论是农耕器具，还是生活旧物，都展现了当地人民的智慧与勤劳。通过这些展品，游客可以深入了解太行山区乡村的民俗风情、生活方式以及文化传承。太行乡村记忆馆不仅是乡村历史文化的展示窗口，更是连接过去与现在，让后人铭记乡愁，传承乡土文化的重要纽带，成为当地乡村旅游的一大特色亮点。</p><p><br></p>','/upload/6c6fd9fe-1c13-4944-a024-fd5f818b1852R-C.jpeg',9),(530,'八义窑红绿彩博物馆​',20,'15894958188',1,'<p>地处上党区八义村，今年刚完成重新布展并免费对外开放。这里藏品丰富，达 200 多个品种、500 多万件。八义窑所创烧的红绿彩瓷，被誉为 “中国陶瓷史上第一抹彩虹”。展厅中，瓷虎枕、美人枕、茶叶罐、福禄龙、祥龙盘、文房六件套、金饭碗等陶瓷作品栩栩如生、活灵活现，令人叹为观止。十几年来，博物馆始终秉持让传统技艺传承创新的宗旨，不断延伸产业链、供应链、资金链和人才链。它不仅是展示红绿彩瓷艺术魅力的殿堂，更是推动非遗技艺传承发展的重要力量。通过展览、文化活动等形式，让更多人了解八义窑红绿彩瓷的历史文化价值，为弘扬中华优秀传统文化，促进乡村文化振兴发挥着积极作用，吸引众多陶瓷艺术爱好者和游客前来参观。</p><p><br></p>','/upload/2e01c0d7-d6fb-4d0f-b591-b1f922e04565R-C (3).jpeg',9),(531,'孝义皮影木偶艺术博物馆​',30,'17056803634',1,'<p>位于山西孝义市，这里是孝义皮影和木偶戏的艺术殿堂。馆内收藏了大量精美的皮影和木偶道具，从古老的牛皮皮影到色彩斑斓的现代皮影，从小巧精致的提线木偶到灵动活泼的杖头木偶，每一件都凝聚着民间艺人的智慧与匠心。通过实物展示、场景复原以及多媒体演示，生动呈现了孝义皮影木偶戏从起源到发展的悠久历程。游客可以在这里了解到皮影的雕刻工艺，感受木偶戏的独特表演魅力，甚至还有机会参与简单的皮影制作和木偶戏表演体验。孝义皮影木偶艺术作为国家级非物质文化遗产，在这座博物馆中得到了很好的传承与展示，不仅让当地传统文化得以延续，也吸引了众多对民间艺术感兴趣的游客前来探索，成为传播孝义文化的重要窗口。</p><p><br></p>','/upload/e40d3b70-2741-42b4-9b40-64595fe9fedbR-C (5).jpeg',9),(532,'庆阳市义渠百花园民俗展馆​',20,'19339269978',1,'<p>地处甘肃庆阳市。民俗展馆内，民俗展品丰富多样，尽显陇东地区的民俗风情。香包绣制色彩艳丽、针法细腻，寄托着人们对美好生活的向往；剪纸艺术线条流畅、造型生动，无论是人物、动物还是花卉图案，都栩栩如生，诉说着当地的民间故事；皮影则以其独特的雕刻工艺和丰富的人物形象，展现了民间艺术的独特魅力。在展馆内，时常有非遗传承人现场演示，像庆阳市非遗传承人、中国民间工艺美术大师张锐利，就会为游客演示剪纸艺术，让游客近距离感受民间技艺的神奇。展馆以游客体验游为主，旨在营造热烈喜庆的氛围，让游客深入了解庆阳民俗文化，亲身体验其魅力，从而推动当地民俗文化的传承与发展，也为乡村旅游增添了浓厚的文化色彩。</p><p><br></p>','/upload/737465c3-7fe1-4dd2-877d-679f9e471b19W020230601635100420609.jpg',9),(533,'迁西县青山关长城文化博物馆​',0,'16554273799',1,'<p>坐落于河北迁西县青山关景区内。该博物馆以长城文化为核心，全面展示了长城的历史变迁、建筑构造以及军事防御体系。馆内陈列着从长城沿线收集的各类文物，如古老的兵器、守城器具、长城砖等，还有大量的历史图片和文献资料，详细讲述了青山关长城的修筑背景、重要战役以及在历史长河中的重要地位。通过场景复原，生动再现了古代长城守军的生活和战斗场景，让游客仿佛穿越时空，回到那个烽火连天的岁月。青山关长城作为万里长城的重要组成部分，具有极高的历史文化价值，而这座博物馆则成为游客了解长城文化、感受历史沧桑的重要场所，不仅丰富了游客的旅游体验，也为长城文化的保护和传承发挥着积极作用，吸引了众多历史文化爱好者和游客前来参观游览。</p><p><br></p>','/upload/f290dc0e-ebed-4f78-b720-1094800d7974W020230825321984532812.jpg',9),(534,'桂林阳朔遇龙河景区​',100,'13646079659',1,'<div dir=\"auto\"><div><p>位于广西桂林阳朔县，素有 “小漓江” 之称。遇龙河全长 43.5 公里，流域面积 158.47 平方公里。这里山清水秀，两岸山峰形态各异，连绵起伏，仿佛一幅幅水墨画卷徐徐展开。河水清澈见底，能清晰看到鱼儿穿梭于水草间。乘坐竹筏顺流而下，沿途可欣赏到富里桥、遇龙桥等古老石桥，它们横跨在遇龙河上，古朴而典雅，与周围的山水相得益彰。河畔是大片的稻田，春夏绿意盎然，秋季金黄一片，四季皆有不同的田园风光。景区内配套设施完善，设有多个竹筏码头，方便游客乘船游览；还有供游客漫步的步道，沿着河边蜿蜒伸展，让游客能近距离感受遇龙河的魅力。周边农家乐众多，游客可品尝到地道的阳朔美食，如啤酒鱼、荔浦芋头等。</p></div></div><p><br></p>','/upload/a548f72a-1639-4a4d-bd8f-10841ed4d0aaR-C (2).jpeg',4),(535,'江西婺源篁岭景区​',30,'18640212495',1,'<p>地处江西上饶婺源县江湾镇篁岭村。篁岭景区以其独特的徽派建筑和四季不同的田园风光吸引着大量游客。景区内的徽派古村落错落有致地分布在山坡上，粉墙黛瓦，与青山绿水相互映衬。春季，漫山遍野的油菜花竞相绽放，金黄色的花海与古朴的徽派建筑构成了如诗如画的美景，吸引无数摄影爱好者前来捕捉这一绚烂时刻。秋季，篁岭的 “晒秋” 场景别具特色，家家户户在屋顶晾晒农作物，辣椒、玉米、南瓜等色彩鲜艳的农作物与徽派建筑的黑瓦白墙形成强烈对比，构成了一幅幅绚丽多彩的丰收画卷。景区内有观光缆车，方便游客轻松抵达山顶，俯瞰整个篁岭的美景。还有多条游览步道，贯穿村落与田园，游客可以漫步其中，感受乡村的宁静与美好。此外，景区内有许多特色民宿，游客可入住体验乡村生活，品尝当地的农家菜，如婺源汽糕、清明果等。</p><p><br></p>','/upload/87226150-daf9-4a1b-9179-a0b7f7b073fdR-C (3).jpeg',4),(536,'四川成都三圣花乡景区​',20,'13470267425',1,'<div dir=\"auto\"><ul><p>位于四川成都市锦江区三圣街道。景区面积达 15000 亩，是一个以观光休闲农业和乡村旅游为主题的 4A 级景区。这里四季繁花似锦，拥有花卉博览园、幸福梅林、东篱菊园、荷塘月色、江家菜地五个主题景点。花卉博览园内，各类花卉争奇斗艳，品种繁多，有玫瑰、郁金香、百合等，是花卉爱好者的天堂。幸福梅林以梅花文化为主题，每到冬季，红梅、白梅等竞相开放，暗香浮动，吸引众多游客前来赏梅。东篱菊园在秋季菊花盛开时，五彩斑斓的菊花组成各种造型，美不胜收。荷塘月色在夏季满池荷花绽放，荷叶田田，形成一片清凉的绿色海洋。江家菜地则为游客提供了体验农耕生活的机会，游客可以亲自下地种菜、采摘。景区内道路平坦，交通便利，配套设施完善，有众多农家乐、茶馆供游客休息娱乐，还设有儿童游乐区，适合全家一起游玩。在这里，游客既能欣赏到美丽的乡村自然风光，又能体验丰富多彩的乡村生活。</p></ul></div><p><br></p>','/upload/bf4a53b4-14bf-41bb-8271-a09cd629a438R-C (4).jpeg',4),(537,'浙江安吉余村景区​',90,'15255965832',1,'<p>地处浙江安吉县天荒坪镇。余村景区青山环抱，绿水潺潺，森林覆盖率高达 96%，空气清新宜人，是名副其实的 “天然氧吧”。这里的矿山遗址见证了余村从 “卖石头” 到 “卖风景” 的绿色转型历程。如今，废弃矿山经生态修复后，变身成为充满生机的休闲公园。游客可漫步在悠悠绿道上，欣赏两旁的翠竹摇曳，感受大自然的宁静与美好。景区内的荷花山漂流项目，让游客在炎炎夏日里尽享清凉与刺激。还有文化礼堂，展示着余村的发展变迁和风土人情，游客能深入了解当地乡村文化。周边农家乐提供各类安吉特色美食，如安吉白茶炖鸡、笋干烧肉等，让游客大饱口福。余村以其独特的生态魅力和乡村发展故事，吸引着大批游客前来感受 “绿水青山就是金山银山” 的生动实践。</p><p><br></p>','/upload/62812360-dffb-43da-b3e2-5c8df65eec9aR-C (6).jpeg',4),(538,'湖南张家界石堰坪村景区​',80,'17688498901',1,'<p>位于湖南张家界永定区王家坪镇。石堰坪村拥有独特的土家族吊脚楼群，这些建筑依山而建，错落有致，与周边的青山绿水相互交融，构成了一幅古朴而宁静的乡村画卷。村子周边自然风光旖旎，梯田层层叠叠，随着季节变化呈现出不同色彩。春季，梯田蓄水如镜，倒映着蓝天白云与周边的山峦；秋季，金黄的稻穗沉甸甸地低垂，一片丰收景象。游客可以穿梭在古村落中，欣赏精美的木雕、石雕和土家织锦等传统工艺，感受土家族的民俗文化。村里还设有民俗表演场地，游客能观看到摆手舞、茅古斯舞等精彩表演。此外，徒步登山道可引领游客深入山林，领略张家界独特的喀斯特地貌，呼吸清新的山林空气，体验乡村与自然结合的别样乐趣。</p><p><br></p>','/upload/ecb8b826-6cbf-48f4-bc26-d4a9cc543b88R-C (7).jpeg',4),(539,'云南元阳梯田景区​',20,'15753403546',1,'<p>坐落于云南红河哈尼族彝族自治州元阳县。元阳梯田规模宏大，气势磅礴，是以哈尼族为主的各族人民利用特殊地理气候同垦共创的梯田农耕文明奇观。景区内梯田级数最多可达 3700 多级，从海拔 170 米的河谷一直延伸到海拔 2000 多米的高山之巅。不同季节的梯田呈现出截然不同的美景，冬季，梯田在阳光的映照下，波光粼粼，如同一面面镜子镶嵌在大地上；春季，梯田蓄满水，云雾缭绕其间，如梦如幻；夏季，绿油油的稻苗茁壮成长，梯田一片葱郁；秋季，金黄的稻谷成熟，层层梯田仿佛金色的阶梯。景区内设有多个观景台，方便游客俯瞰壮观的梯田全景。周边有哈尼族村落，游客可深入其中，体验哈尼族的传统文化，品尝哈尼族特色美食，如哈尼蘸水鸡、竹筒饭等，感受独特的乡村生活韵味。</p><p><br></p>','/upload/9fca123c-d8a4-4584-a855-3b2c85446f9ev2-22c84cec0017ad881ab124f1ad22d437_1440w.png',4),(540,'牧云溪谷星空露营地​',100,'18547289851',1,'<p>营地位于景色秀丽的 [具体乡村地点]，周边群山环绕，溪流潺潺。这里设有宽敞的草坪露营区，可供游客自由搭建帐篷或租赁营地提供的特色帐篷，如印第安帐篷、蒙古包帐篷等，满足不同游客的喜好。营地内配备了完善的卫生设施，包括公共卫生间和热水淋浴间。同时，设有专门的烧烤区域，提供烧烤设备租赁服务，游客可在星空下享受美味的烧烤大餐。营地还开展丰富的夜间活动，如篝火晚会、露天电影等。白天，游客可以沿着周边的山间小径徒步，欣赏自然风光，或是在溪边垂钓，享受悠闲时光。距离营地不远处有乡村农家乐，游客可品尝到地道的农家菜，体验乡村生活的质朴与美好。</p><p><br></p>','/upload/b91787da-18dc-4710-b5e2-bf3033591265371076_3b561bab-67d5-4dcb-acd0-5ffc776e6f0e.jpg',7),(541,'绿野仙踪亲子露营基地​',20,'17000605866',1,'<p>坐落于充满田园气息的乡村之中，基地以亲子体验为主题，打造了一个充满童趣的露营环境。营地内设有多种适合亲子居住的帐篷，如卡通造型的帐篷屋，深受孩子们喜爱。基地配备了专业的亲子活动导师，组织丰富多彩的亲子活动，如手工制作、农耕体验、户外探险游戏等，增进亲子间的感情。营地内有安全的儿童游乐区，设置了滑梯、秋千、沙池等游乐设施。此外，还开辟了有机农场，孩子们可以亲手种植蔬菜，观察农作物的生长过程。周边环境优美，有大片的花海和果园，在花期和果期，游客可以赏花、采摘水果。营地提供营养丰富的农家早餐，食材均取自当地，保证新鲜与健康。</p><p><br></p>','/upload/46e1df8b-7baf-46ce-9208-dd6c9bbb3d5b371076_61b7a26c-7345-4ad9-bc8b-dd594bc9d7fb.jpg',7),(542,'清风谷房车露营地​',80,'15528192834',1,'<p>营地位于风景宜人的乡村山谷地带，拥有广阔的空间和优美的自然环境。营地内配备了多个标准房车营位，每个营位都设有水电桩，方便房车停靠和补给。租赁的房车内部设施齐全，有舒适的床铺、厨房设备、卫生间等，让游客在享受户外露营乐趣的同时，也能拥有家一般的舒适体验。营地周边设有步行道，游客可以漫步欣赏山谷的自然风光，呼吸清新的空气。营地内还设有餐厅，提供当地特色美食，满足游客的餐饮需求。此外，营地还提供一些休闲娱乐设施，如台球桌、乒乓球桌等，供游客在闲暇之余娱乐放松。周边乡村有丰富的民俗文化活动，游客可在闲暇时深入体验，感受乡村的独特魅力。</p><p><br></p>','/upload/332b6458-86b7-44b5-b77a-aac3bb669dab6380169001281673041475513.jpg',7),(543,'奇幻森林探险露营地​',30,'17947646227',1,'<p>营地坐落于一片茂密的原始森林边缘的乡村区域，四周古木参天，植被丰富。这里以森林探险为主题，打造了一系列充满刺激与挑战的探险项目。游客可参与丛林穿越，沿着精心设置的绳索与栈道，穿梭在树林间，感受与大自然亲密接触的乐趣；还有专业教练指导的攀岩活动，让游客在挑战自我中锻炼勇气与毅力。营地设有多种住宿选择，普通帐篷搭建在平坦的草坪上，周边风景优美。而特色树屋帐篷则巧妙地建在大树之间，让游客仿佛置身于童话世界。营地餐厅提供的食材多源于周边乡村农户，以森林特色食材为主，如野菌汤、烤野兔等，让游客品尝到独特的森林美食。此外，夜晚还会举办森林夜探活动，在专业人员带领下，游客能观察森林中的夜间生物，探索森林的神秘一面。</p><p><br></p>','/upload/e98b8ef0-4995-4b72-980f-dcbea86b30eabcd0-47de1fb0611c74d2266707b6702c0a0e.jpg',7),(544,'滨海渔家风情露营地​',80,'13406202402',1,'<p>位于沿海乡村，营地紧邻大海，拥有细腻的沙滩与辽阔的海景。营地主打渔家风情体验，游客可在清晨跟随当地渔民出海捕鱼，感受海上劳作的乐趣，捕捞归来后还能亲自参与海鲜加工，品尝自己的劳动成果。营地内设有多种帐篷供游客选择，部分帐篷采用渔家特色的蓝白色调，充满海滨风情。营地周边配备了完善的淋浴设施与卫生间，保障游客的生活需求。沙滩上设有烧烤区域，游客可在夜晚伴着海浪声，享受美味的海鲜烧烤。此外，营地还组织沙滩篝火晚会、海上烟花秀等娱乐活动。游客在营地还能参观渔家文化展示馆，了解当地的渔业发展历史与渔家民俗文化，充分体验滨海乡村的独特魅力。</p><p><br></p>','/upload/ec221072-659b-48dc-a292-03710f6d2810OIP-C.jpeg',7),(545,'田园牧歌生态露营地​',80,'19704533813',1,'<p>营地处于大片田园风光之中，四周是广袤的农田与果园。这里以生态体验为核心，游客可以参与生态农场的农事活动，如播种、浇水、采摘各类有机蔬菜和水果，亲身感受田园生活的质朴。营地内的帐篷错落分布在草坪与果园之间，周边环境静谧优美。营地的餐饮均采用自家农场种植的蔬菜和散养的家禽家畜，保证食材的新鲜与绿色健康。营地还设有小型牧场，饲养着羊、牛、兔子等动物，游客可以与这些可爱的动物亲密互动，给它们喂食、抚摸，体验田园牧歌式的生活。此外，营地组织传统手工制作活动，如制作农家陶器、编织竹篮等，让游客感受乡村传统手工艺的魅力。游客在营地既能享受舒适的露营体验，又能深度体验乡村生态文化，放松身心，回归自然。</p><p><br></p>','/upload/802f1e16-9b85-4e06-906a-343e449a4c82R-C.jpeg',7),(546,'绿田生态农业园​',80,'13367652043',1,'<p>该农业园占地面积达 200 亩。园区内种植了丰富多样的蔬果，春季有娇艳欲滴的草莓、鲜嫩的生菜；夏季葡萄挂满枝头，还有各类瓜类；秋季是丰收的季节，红彤彤的苹果、黄澄澄的梨子以及大片的玉米。游客可以穿梭在蔬果大棚间，亲手采摘新鲜的果实，感受收获的喜悦。园区还设有亲子科普区域，专业人员会为孩子们讲解植物的生长周期、种植知识，通过趣味实验让孩子们了解农业科学。此外，开展农耕体验活动，游客可以拿起锄头耕地、播种，体验农民的辛勤劳作。园区内有农家乐餐厅，提供用园内新鲜食材制作的农家菜，如铁锅炖鸡、清炒时蔬等，让游客品尝地道的乡村美食。</p><p><br></p>','/upload/6ff392b5-86b5-4dc7-bdf4-21c756c2ff0cOIP-C.jpeg',5),(547,'阳光花卉农业园​',100,'17902747675',1,'<p>坐落在乡村的一片开阔地带，面积 150 亩。这里是花卉的海洋，种植着上千种花卉，从常见的玫瑰、百合、郁金香，到珍稀的兰花、多肉植物等。园区划分多个区域，有热带花卉区、草本花卉区、多肉植物区等，游客可以漫步其中，欣赏五彩斑斓的花卉美景，拍照打卡。园区内设有花卉手工制作工作室，专业花艺师会教授游客制作干花书签、押花相框、鲜花插花等手工制品，让游客把美丽的花卉以另一种形式保存下来。同时，还提供花卉科普讲座，介绍花卉的养护知识、花语文化等。园区周边设有花卉展销中心，游客可以购买心仪的花卉盆栽带回家，将这份美丽延续。</p><p><br></p>','/upload/92b39378-be04-4e9e-9716-85564b303d7cR-C.jpeg',5),(548,'丰收谷物农业园​',120,'13914984810',1,'<p>位于乡村肥沃的平原地带，占地 300 亩，主要种植小麦、水稻、玉米等谷物。在不同的季节，园区呈现出不同的景象，春季麦苗嫩绿，夏季水稻郁郁葱葱，秋季金黄的麦浪和饱满的玉米穗是丰收的象征。游客可以参与谷物收割活动，在农民的指导下，拿起镰刀收割小麦，体验传统的农耕方式。园区还设有农业科普馆，通过实物展示、模型演示、多媒体讲解等方式，介绍谷物的种植历史、生长过程、加工工艺等知识。开展农业科普研学课程，学生们可以在园区内进行实地考察、实验操作，深入了解农业生产。此外，园区将部分谷物加工成特色农产品，如全麦面粉、玉米糁等供游客购买，让游客品尝到来自田间的美味。</p><p><br></p>','/upload/95a4d613-f4a7-4d6e-9121-570ee765a44dR-C (1).jpeg',5),(549,'果香四季采摘园​',120,'13349195773',1,'<div dir=\"auto\"><ul><li>该采摘园位于 [乡村详细地址]，占地 180 亩，四季都有丰富的水果可供采摘。春季有草莓、樱桃，果实饱满色泽鲜艳；夏季桃子、李子挂满枝头，果香四溢；秋季葡萄、柿子、石榴等水果成熟，园区内一片丰收景象；冬季则有反季节草莓等在温室大棚中等待游客采摘。园区内道路平坦，方便游客穿梭各个采摘区域。除了采摘，还设有休息区，为游客提供桌椅供其休息品尝刚采摘的水果。周边有简易的农产品售卖区，提供一些用园内水果制作的果干、果酱等产品。并且，园区内有专业人员为游客介绍水果的品种、生长习性等知识，让游客在享受采摘乐趣的同时，也能学到农业知识。</li></ul></div><p><br></p>','/upload/12ec7380-ca3b-4c72-a2c6-bd57f9ec65bdR-C (2).jpeg',5),(550,'智慧农业科普园​',290,'15521089833',1,'<p>坐落于 [具体乡村地点]，占地 120 亩。园区致力于展示现代化智慧农业技术，拥有多个智能温室大棚。在大棚内，通过传感器、自动化设备等实现精准灌溉、施肥以及环境调控。游客可以参观无土栽培区域，了解蔬菜、花卉如何在营养液中生长；观看智能机器人进行农事操作，如除草、采摘成熟果实等。园区设置了科普展示厅，通过展板、模型以及多媒体演示，详细介绍智慧农业的发展历程、技术原理和应用前景。游客还能亲自参与一些智慧农业体验项目，如在专业人员指导下，操作智能灌溉系统为作物浇水，亲手尝试无土栽培种植过程，感受科技为农业带来的变革。园区周边有餐厅，提供以园内新鲜蔬菜为原料制作的健康餐食，如蔬菜沙拉、蔬菜煎饼等。</p><p><br></p>','/upload/5e26c0b1-bed6-4677-a4a5-125fea00c3c6R-C (3).jpeg',5),(551,'生态养殖农业园​',310,'15169082940',1,'<p>位于乡村的一片开阔草地旁，占地 250 亩。园区主要以生态养殖家禽家畜为主，有散养的鸡、鸭、鹅，还有成群的羊、牛。这些动物在自然环境中生长，食用天然草料和谷物。游客可以进入养殖区域，在工作人员的指导下参与动物喂养，给小羊喂青草，给小鸡撒玉米粒，近距离接触这些可爱的动物。园区还提供动物认养服务，游客认养后可拥有专属的认养证书，园区会定期向认养人反馈动物的生长情况。此外，园区内设有肉类加工车间，将养殖的动物加工成绿色、健康的肉类产品供游客购买。在园区周边，有一些简单的休闲设施，如长椅、亭子，供游客休息欣赏田园风光。同时，园区还会举办一些与养殖相关的科普活动，如讲解动物的生活习性、养殖知识等。</p><p><br></p>','/upload/689d9933-0c9c-4359-8547-3a483b214d30R-C (4).jpeg',5),(553,'竹韵雅筑竹编文创工坊',320,'16626291444',1,'<ul><li>工坊位于 [具体乡村地点]，四周翠竹环绕，原材料获取便利。工坊内陈列着琳琅满目的竹编作品，有精致小巧的竹编首饰盒、造型逼真的动物摆件，还有实用美观的竹篮、竹席等。这里汇聚了多位资深竹编艺人，他们传承古老竹编技艺，擅长多种编织手法，如挑一压一、绞丝编等。游客可现场观摩艺人创作，感受竹编工艺的精妙。在体验课程中，从简单竹条的处理、编织起手，到成品塑形，都有专业老师悉心指导。工坊还接受产品定制，无论是个人喜好的独特图案，还是企业定制的特色礼品，都能满足需求。此外，工坊定期举办竹编文化讲座，介绍竹编历史、地域特色，以及在现代生活中的创新应用，让游客深入了解这一传统工艺背后的文化内涵。</li></ul><p><br></p>','/upload/ba2e08eb-5b62-41cc-8234-24b79f73ccfcR-C.jpeg',6),(554,'土陶印象陶艺文创工坊',500,'19015164286',1,'<p>地处乡村，依托当地优质陶土资源。工坊空间宽敞，设有展示区、制作区、烧制区等。展示区陈列着各类陶艺作品，有古朴典雅的传统陶罐、线条流畅的现代陶艺花瓶，还有充满童趣的卡通形象陶艺玩偶。制作区配备专业拉坯机、泥料、工具等，供游客亲身体验陶艺创作。在拉坯体验中，游客在师傅指导下，将陶土塑造成心仪形状。彩绘体验则让游客发挥创意，用颜料为素坯增添色彩与图案。工坊的陶艺课程由经验丰富的陶艺师授课，涵盖从揉泥、拉坯、修坯到彩绘、烧制等一系列环节。烧制区采用传统柴窑与现代气窑结合，确保作品烧制效果。工坊还会组织陶艺主题活动，如亲子陶艺大赛、陶艺文化节等，吸引众多游客参与，感受土陶艺术魅力，传承乡村陶艺文化。</p><p><br></p>','/upload/e7847af9-8de6-4dc2-9658-99bf5483b334R-C.png',6),(555,'锦绣坊刺绣文创工坊',90,'13965906613',1,'<p>位于乡村古街，环境清幽。工坊内展示着精美绝伦的刺绣作品，有细腻逼真的花鸟鱼虫绣品、气势恢宏的山水风景绣画，以及融入现代设计元素的时尚刺绣服饰、饰品。工坊汇聚多位刺绣非遗传承人及技艺精湛绣娘，擅长苏绣、湘绣、蜀绣等多种针法。游客可观看绣娘们飞针走线，欣赏她们精湛技艺。体验课程中，从认识绣线、针法基础练习，到完成一幅简单刺绣作品，老师全程指导。工坊支持刺绣作品定制，无论是传统中式风格装饰画，还是个性化服装、礼品定制，都能满足需求。此外，工坊还将刺绣与当地乡村文化结合，开发出带有乡村特色元素的刺绣文创产品，如绣有乡村标志性建筑、民俗活动场景的手工艺品，深受游客喜爱，既传承刺绣技艺，又传播乡村文化。</p><p><br></p>','/upload/89f8fa20-3098-4c3a-b0f1-905b90846a2dR-C (1).jpeg',6),(556,'墨香雅韵书法文创工坊',280,'19015164286',1,'<p>工坊坐落于乡村古街，周边环境古朴宁静，充满文化氛围。工坊由传统民居改造而成，保留了原始的木质结构与古朴的砖石墙面，踏入其中，便能闻到淡淡的墨香。工坊内设有书法作品展示区，陈列着古今书法名家的经典临摹作品以及本地书法家的原创佳作，篆、隶、楷、行、草各种字体应有尽有，让游客领略书法艺术的多样魅力。在体验区，摆放着整齐的书桌与齐全的文房四宝，专业书法老师会从握笔姿势、基本笔画开始教学，无论游客有无基础，都能在老师耐心指导下挥毫泼墨，感受书法创作的乐趣。工坊还致力于开发书法文创产品，将书法元素融入日常用品中。例如，在精美的书签上题写励志诗词，为传统折扇添上飘逸墨宝，使这些物品兼具实用价值与艺术美感。此外，接受书法作品定制服务，可为个人创作具有纪念意义的作品，也可为企业定制带有企业文化内涵的书法作品用于装饰或礼品赠送。工坊不定期举办书法讲座，邀请书法专家分享书法历史、流派演变以及创作技巧等知识，提升游客对书法文化的认知与理解，传承和弘扬这一古老的传统文化艺术。</p><p><br></p>','/upload/03e55366-cb99-4a95-8a2c-4ad1e1c57aebR-C (2).jpeg',6),(557,'匠心木雕文创工坊',340,'13726104935',1,'<p>位于乡村山林附近，木材资源丰富。工坊空间开阔，分为展示区、制作区与教学区。展示区内，各类木雕作品令人目不暇接，有栩栩如生的人物雕像，如古代文人雅士、神话传说人物；有活灵活现的动物造型，像腾飞的骏马、憨态可掬的熊猫；还有精美的木雕屏风、门窗花格等，展现了木雕工艺在传统建筑装饰中的应用。制作区里，摆放着各种专业木雕工具，电锯、刻刀、砂纸等一应俱全，工匠们在此专注创作，木屑纷飞间，一件件木雕雏形逐渐显现。在体验活动中，游客在师傅手把手教导下，从木料的选择、草图的绘制，到雕刻过程中的下刀角度、力度把控，逐步完成自己的木雕作品，感受木雕艺术的魅力。工坊开设的木雕课程，由经验丰富的木雕师傅授课，课程内容涵盖木雕基础知识、常用技法，如浮雕、圆雕、镂空雕等，通过理论讲解与实践操作相结合，让学员深入掌握木雕技艺。此外，工坊还将木雕与当地乡村文化紧密相连，创作了一系列带有乡村特色的作品，如以乡村田园风光、民俗活动为主题的木雕画，既传承了木雕技艺，又传播了乡村文化，吸引众多木雕爱好者与游客前来参观体验 。</p><p><br></p>','/upload/5788dc50-6a3c-4650-be41-5e2431bf2addv2-b87cb1c4515d803db6088f79eb746d4f_r.jpg',6),(558,'古韵剪纸文创工坊',237,'19015164286',1,'<p>工坊位于乡村民俗文化村内，周边民俗氛围浓厚。工坊外观具有浓郁的乡土风格，以砖石和木材构建，门窗装饰着传统剪纸图案。走进工坊，首先映入眼帘的是展示墙上琳琅满目的剪纸作品，题材广泛，有寓意吉祥的龙凤呈祥、连年有余图案；有展现乡村生活场景的农耕图、丰收图；还有以民间故事为蓝本创作的剪纸组图。在体验课上，老师先为游客讲解剪纸的历史渊源、基本技巧，如折叠法、阴剪阳剪等，随后游客拿起剪刀，在彩纸上发挥创意，剪出属于自己的作品。工坊内有多位剪纸艺人，他们现场展示精湛技艺，只见剪刀在他们手中灵活翻转，不一会儿，一幅精美的剪纸作品便呈现在眼前。工坊注重将剪纸艺术与现代生活融合，开发出众多文创产品，除传统的窗花、墙画外，还有剪纸元素的笔记本、手机壳、书签等。这些文创产品既保留了剪纸的艺术特色，又满足了现代人对时尚与实用的追求。此外，工坊还会定期举办剪纸艺术展览，邀请各地剪纸艺术家交流作品，同时走进乡村学校，开展剪纸兴趣班，培养孩子们对这一传统艺术的兴趣，传承剪纸文化 。</p><p><br></p>','/upload/107a6206-424a-4db7-a392-3a9e3acd4b0aW020220517610566179863.jpg',6),(559,'田园科普研学基地​',999,'13965906613',1,'<p>基地位于乡村腹地，占地 180 亩，以农业与自然科普为核心主题。拥有大片的生态农田，种植着小麦、水稻、玉米等多种农作物，以及各类时令蔬菜。还有专门的果园，种有苹果、桃子、葡萄等果树。基地设置丰富多样的课程体系。在农业科普课程中，专业老师带领学生认识不同农作物的生长周期、种植方法，学生亲手参与播种、浇水、施肥等农事活动，了解传统农耕与现代农业技术。自然科普课程则聚焦乡村生态系统，学生通过观察昆虫、鸟类等小动物的生活习性，学习生物多样性知识。此外，还有手工制作课程，利用农作物秸秆、树叶等材料制作手工艺品。基地配备完善的教学设施，有宽敞明亮的科普教室，用于理论知识讲解，教室中配备多媒体设备、科普书籍与标本展示柜。户外设置多个实践区域，如农事体验区、自然观察区等。餐饮方面，提供绿色健康的农家菜，食材多取自基地农田。住宿条件舒适，特色帐篷露营区配备防潮垫、睡袋等装备，乡村民宿房间干净整洁，具有浓厚的乡村特色。基地周边自然风光优美，有小溪、树林，为学生提供良好的自然学习环境 。</p><p><br></p>','/upload/b86b0b19-8223-4173-9be8-5042d48119ea1670900008463fe75b5c7-0c5d-403d-a83a-e1a92b8d15cb.jpg',2),(560,'地质科普研学基地​',225,'18079151194',1,'<p>基地地处拥有独特地质景观的乡村地区，周边分布着丰富的岩石、矿石资源以及典型的地质构造。基地内建有地质博物馆，馆内陈列着大量珍贵的岩石、矿物标本，通过图文展板、多媒体演示等形式，系统介绍地球的地质演化历史、岩石分类、矿产形成等知识。基地设置多条户外地质考察路线，由专业地质老师带队，学生手持地质锤、罗盘等工具，实地观察岩石的纹理、颜色，识别不同的地质构造，采集岩石标本并进行简单分析。开设多种科普课程，除基础地质知识讲解外，还有地质灾害预防科普课程，通过模拟地震、泥石流等场景，让学生了解地质灾害的成因与应对方法。基地的专家团队会不定期举办讲座，分享最新的地质研究成果与行业动态。配套设施方面，拥有可容纳上百人的宿舍，宿舍内配备空调、独立卫浴，干净舒适。餐厅提供营养均衡的餐食，满足学生的饮食需求。此外，基地还设有休息区、活动广场等，方便学生课间休息与开展集体活动 。</p><p><br></p>','/upload/f460f60b-7d03-442d-8d7d-5b89fa3b637b1683708035666089970.jpg',2),(561,'生态环保科普研学基地​',123,'15779624347',1,'<p>基地位于乡村的生态保护区附近，占地面积 120 亩。这里拥有湿地、森林、河流等多种生态系统，是开展生态环保科普的天然课堂。基地建设了生态科普馆，通过实物展示、模型演示、互动体验等方式，向学生普及生态系统的构成、生态平衡的重要性以及当前面临的生态环境问题。课程设置丰富，有生态观察课程，学生在专业老师带领下，在湿地观察候鸟栖息、在森林监测动植物种群变化；环保实践课程中，学生参与垃圾分类、污水净化实验等活动，学习环保技能；还有生态艺术课程，利用废旧物品创作环保艺术作品，培养学生的环保创意。基地的生态木屋住宿区，采用环保材料建造，与周边自然环境融为一体。餐厅提供有机、绿色的餐食，践行生态环保理念。基地周边配备多条生态步道，方便学生进行户外探索。同时，与周边的污水处理厂、垃圾处理站等建立合作关系，定期组织学生前往参观，深入了解环保设施的运行原理与实际操作 。</p><p><br></p>','/upload/e4105ddd-8f71-48b7-a592-63c112f9f5a5d228cce605.jpeg',2),(562,'农耕文化科普研学基地​',334,'16723070643',1,'<div dir=\"auto\"><div><br></div></div><p>基地坐落于历史悠久的农耕乡村，占地 150 亩，完整保留了传统农耕风貌。拥有大片的耕地，按照季节种植着豆类、薯类、谷物等多种传统农作物。设有农具展示区，陈列着从古代到近代的各类农具，如犁、耙、耧车等，详细介绍其用途与发展演变。课程丰富多样，有农耕历史讲解课程，通过历史故事、图文资料，让学生了解中国农耕文化的起源与发展脉络。学生可参与传统农事体验，在农民指导下学习耕地、播种、灌溉、收割等操作，亲身体验农耕的艰辛与乐趣。还有传统农耕技艺课程，学习制作稻草人、编织农作物秸秆等手工技艺。基地配备专业的研学导师，均具备丰富的农业知识与教学经验。住宿安排在乡村民居，让学生深入体验乡村生活氛围。餐饮提供地道农家菜，食材均来自基地自种农作物，保证绿色健康。基地周边环绕着田园风光，有古朴的乡村小道，方便学生课后漫步，感受乡村宁静之美。</p><p><br></p>','/upload/b08dbfc0-4185-47f4-9947-2bfbd2e6f642E750CD1D9ED49D131FFA517F95D_02F598CD_CC237.jpg',2),(563,'民俗文化科普研学基地​',890,'18443667666',1,'<p>基地位于民俗文化底蕴深厚的乡村，以传承和弘扬民俗文化为核心。建有民俗博物馆，收藏展示大量民俗文物，如传统服饰、民间手工艺品、节庆用品等。通过实物、图片、视频等形式，全面展示当地民俗文化的特色与魅力。开设民俗文化课程，包括民间艺术课程，如剪纸、刺绣、皮影制作，学生在非遗传承人指导下亲手制作作品；民俗节庆课程，讲解传统节日的由来、习俗，学生参与节日庆典活动的筹备与表演，如春节写春联、元宵节做花灯等；民间故事课程，讲述当地的神话传说、民间故事，培养学生的文化想象力。基地的民俗客栈，以传统建筑风格打造，房间布置融入民俗元素，让学生沉浸式感受民俗风情。餐饮提供特色民俗美食，如年糕、粽子、地方特色小吃等。基地周边有古老的村落建筑、民俗广场等，为学生提供丰富的民俗文化实地考察场景。</p><p><br></p>','/upload/c7422019-22b3-4a1d-8392-5ad56fa01592R-C.jpeg',2),(564,'天文科普研学基地​',900,'17916974306',1,'<p>基地位于乡村开阔地带，远离城市光污染，拥有极佳的天文观测条件。配备多台专业天文望远镜，包括折射式、反射式望远镜，还有天象厅，通过多媒体模拟星空场景，展示天体运行规律。基地的课程体系完善，基础天文知识课程讲解太阳系、星座、星系等知识；天文观测实践课程，学生在专业老师指导下，使用望远镜观测月球、行星、星云等天体，学习天文摄影技巧；天文科普讲座邀请天文学专家分享最新研究成果、天文探索历史等。住宿的星空帐篷配备专业的防潮、保暖设施，顶部采用透明材料，方便学生躺在床上即可仰望星空。餐饮提供营养丰富的餐食，满足学生的能量需求。基地周边环境优美，有大片草地，可供学生在课余时间休息、玩耍，为学生打造一个集学习、观测、休闲为一体的天文科普研学环境。</p><p><br></p><p><br></p>','/upload/8cd82a7f-b5a3-4dc3-925f-4ffb861ff04aR-C (1).jpeg',2);
/*!40000 ALTER TABLE `product` ENABLE KEYS */;

--
-- Table structure for table `role`
--

DROP TABLE IF EXISTS `role`;
/*!40101 SET @saved_cs_client     = @@character_set_client */;
/*!50503 SET character_set_client = utf8mb4 */;
CREATE TABLE `role` (
  `rid` int(32) NOT NULL AUTO_INCREMENT,
  `roleName` varchar(50) DEFAULT NULL,
  `roleDesc` varchar(50) DEFAULT NULL,
  PRIMARY KEY (`rid`)
) ENGINE=InnoDB AUTO_INCREMENT=4 DEFAULT CHARSET=utf8;
/*!40101 SET character_set_client = @saved_cs_client */;

--
-- Dumping data for table `role`
--

/*!40000 ALTER TABLE `role` DISABLE KEYS */;
INSERT INTO `role` VALUES (1,'超级管理员','管理所有数据'),(2,'商品管理员','管理商品');
/*!40000 ALTER TABLE `role` ENABLE KEYS */;

--
-- Table structure for table `role_permission`
--

DROP TABLE IF EXISTS `role_permission`;
/*!40101 SET @saved_cs_client     = @@character_set_client */;
/*!50503 SET character_set_client = utf8mb4 */;
CREATE TABLE `role_permission` (
  `rid` varchar(32) DEFAULT NULL,
  `pid` varchar(32) DEFAULT NULL
) ENGINE=InnoDB DEFAULT CHARSET=utf8;
/*!40101 SET character_set_client = @saved_cs_client */;

--
-- Dumping data for table `role_permission`
--

/*!40000 ALTER TABLE `role_permission` DISABLE KEYS */;
INSERT INTO `role_permission` VALUES ('1','1'),('1','2'),('1','3'),('1','4');
/*!40000 ALTER TABLE `role_permission` ENABLE KEYS */;

--
-- Dumping routines for database 'travel'
--
/*!40103 SET TIME_ZONE=@OLD_TIME_ZONE */;

/*!40101 SET SQL_MODE=@OLD_SQL_MODE */;
/*!40014 SET FOREIGN_KEY_CHECKS=@OLD_FOREIGN_KEY_CHECKS */;
/*!40014 SET UNIQUE_CHECKS=@OLD_UNIQUE_CHECKS */;
/*!40101 SET CHARACTER_SET_CLIENT=@OLD_CHARACTER_SET_CLIENT */;
/*!40101 SET CHARACTER_SET_RESULTS=@OLD_CHARACTER_SET_RESULTS */;
/*!40101 SET COLLATION_CONNECTION=@OLD_COLLATION_CONNECTION */;
/*!40111 SET SQL_NOTES=@OLD_SQL_NOTES */;

-- Dump completed on 2025-04-01 12:24:43
